username,password,firstname,lastName,email,role,id
student1,Password@123,Liam,Smith,student1@example.com,student,100000
student2,Password@123,Olivia,Johnson,student2@example.com,student,100001
student3,Password@123,Noah,Williams,student3@example.com,student,100002
student4,Password@123,Emma,Brown,student4@example.com,student,100003
student5,Password@123,Ethan,Jones,student5@example.com,student,100004
student6,Password@123,Ava,Garcia,student6@example.com,student,100005
student7,Password@123,Mason,Miller,student7@example.com,student,100006
student8,Password@123,Sophia,Davis,student8@example.com,student,100007
student9,Password@123,William,Rodriguez,student9@example.com,student,100008
student10,Password@123,Isabella,Martinez,student10@example.com,student,100009
student11,Password@123,James,Hernandez,student11@example.com,student,100010
student12,Password@123,Charlotte,Lopez,student12@example.com,student,100011
student13,Password@123,Benjamin,Gonzalez,student13@example.com,student,100012
student14,Password@123,Amelia,Wilson,student14@example.com,student,100013
student15,Password@123,Lucas,Anderson,student15@example.com,student,100014
student16,Password@123,Mia,Thomas,student16@example.com,student,100015
student17,Password@123,Henry,Taylor,student17@example.com,student,100016
student18,Password@123,Harper,Moore,student18@example.com,student,100017
student19,Password@123,Alexander,Jackson,student19@example.com,student,100018
student20,Password@123,Evelyn,Martin,student20@example.com,student,100019
student21,Password@123,Michael,Lee,student21@example.com,student,100020
student22,Password@123,Abigail,Perez,student22@example.com,student,100021
student23,Password@123,Daniel,Thompson,student23@example.com,student,100022
student24,Password@123,Emily,White,student24@example.com,student,100023
student25,Password@123,Jacob,Harris,student25@example.com,student,100024
student26,Password@123,Elizabeth,Sanchez,student26@example.com,student,100025
student27,Password@123,Logan,Clark,student27@example.com,student,100026
student28,Password@123,Sofia,Ramirez,student28@example.com,student,100027
student29,Password@123,Jackson,Lewis,student29@example.com,student,100028
student30,Password@123,Avery,Robinson,student30@example.com,student,100029
student31,Password@123,Sebastian,Walker,student31@example.com,student,100030
student32,Password@123,Ella,Young,student32@example.com,student,100031
student33,Password@123,Jack,Allen,student33@example.com,student,100032
student34,Password@123,Madison,King,student34@example.com,student,100033
student35,Password@123,Aiden,Wright,student35@example.com,student,100034
student36,Password@123,Scarlett,Scott,student36@example.com,student,100035
student37,Password@123,Owen,Torres,student37@example.com,student,100036
student38,Password@123,Victoria,Nguyen,student38@example.com,student,100037
student39,Password@123,Samuel,Hill,student39@example.com,student,100038
student40,Password@123,Luna,Flores,student40@example.com,student,100039
student41,Password@123,Matthew,Green,student41@example.com,student,100040
student42,Password@123,Grace,Adams,student42@example.com,student,100041
student43,Password@123,Joseph,Nelson,student43@example.com,student,100042
student44,Password@123,Chloe,Baker,student44@example.com,student,100043
student45,Password@123,Leo,Hall,student45@example.com,student,100044
student46,Password@123,Penelope,Rivera,student46@example.com,student,100045
student47,Password@123,Luke,Campbell,student47@example.com,student,100046
student48,Password@123,Layla,Mitchell,student48@example.com,student,100047
student49,Password@123,David,Carter,student49@example.com,student,100048
student50,Password@123,Riley,Roberts,student50@example.com,student,100049
student51,Password@123,Isaac,Gomez,student51@example.com,student,100050
student52,Password@123,Zoey,Phillips,student52@example.com,student,100051
student53,Password@123,Gabriel,Evans,student53@example.com,student,100052
student54,Password@123,Nora,Turner,student54@example.com,student,100053
student55,Password@123,Julian,Diaz,student55@example.com,student,100054
student56,Password@123,Lily,Parker,student56@example.com,student,100055
student57,Password@123,Wyatt,Cruz,student57@example.com,student,100056
student58,Password@123,Eleanor,Edwards,student58@example.com,student,100057
student59,Password@123,Carter,Collins,student59@example.com,student,100058
student60,Password@123,Hannah,Reyes,student60@example.com,student,100059
student61,Password@123,Dylan,Stewart,student61@example.com,student,100060
student62,Password@123,Lillian,Morris,student62@example.com,student,100061
student63,Password@123,Jayden,Morales,student63@example.com,student,100062
student64,Password@123,Addison,Murphy,student64@example.com,student,100063
student65,Password@123,Grayson,Cook,student65@example.com,student,100064
student66,Password@123,Aubrey,Rogers,student66@example.com,student,100065
student67,Password@123,Levi,Gutierrez,student67@example.com,student,100066
student68,Password@123,Ellie,Ortiz,student68@example.com,student,100067
student69,Password@123,Isaiah,Morgan,student69@example.com,student,100068
student70,Password@123,Stella,Cooper,student70@example.com,student,100069
student71,Password@123,Andrew,Peterson,student71@example.com,student,100070
student72,Password@123,Natalie,Bailey,student72@example.com,student,100071
student73,Password@123,Lincoln,Reed,student73@example.com,student,100072
student74,Password@123,Zoe,Kelly,student74@example.com,student,100073
student75,Password@123,Mateo,Howard,student75@example.com,student,100074
student76,Password@123,Leah,Ramos,student76@example.com,student,100075
student77,Password@123,Ryan,Kim,student77@example.com,student,100076
student78,Password@123,Hazel,Cox,student78@example.com,student,100077
student79,Password@123,Jaxon,Ward,student79@example.com,student,100078
student80,Password@123,Violet,Richardson,student80@example.com,student,100079
student81,Password@123,Nathan,Watson,student81@example.com,student,100080
student82,Password@123,Aurora,Brooks,student82@example.com,student,100081
student83,Password@123,Aaron,Chavez,student83@example.com,student,100082
student84,Password@123,Savannah,Wood,student84@example.com,student,100083
student85,Password@123,Caleb,James,student85@example.com,student,100084
student86,Password@123,Audrey,Bennett,student86@example.com,student,100085
student87,Password@123,Adam,Gray,student87@example.com,student,100086
student88,Password@123,Brooklyn,Mendoza,student88@example.com,student,100087
student89,Password@123,Hunter,Ruiz,student89@example.com,student,100088
student90,Password@123,Bella,Hughes,student90@example.com,student,100089
student91,Password@123,Cameron,Price,student91@example.com,student,100090
student92,Password@123,Claire,Alvarez,student92@example.com,student,100091
student93,Password@123,Ezra,Castillo,student93@example.com,student,100092
student94,Password@123,Skylar,Sanders,student94@example.com,student,100093
student95,Password@123,Colton,Patel,student95@example.com,student,100094
student96,Password@123,Lucy,Myers,student96@example.com,student,100095
student97,Password@123,Landon,Long,student97@example.com,student,100096
student98,Password@123,Paisley,Ross,student98@example.com,student,100097
student99,Password@123,Adrian,Foster,student99@example.com,student,100098
student100,Password@123,Everly,Jimenez,student100@example.com,student,100099
admin1,Password@123,Jonathan,Powell,admin1@example.com,admin,100100
admin2,Password@123,Anna,Jenkins,admin2@example.com,admin,100101
admin3,Password@123,Jeremiah,Perry,admin3@example.com,admin,100102
admin4,Password@123,Caroline,Russell,admin4@example.com,admin,100103
admin5,Password@123,Jordan,Sullivan,admin5@example.com,admin,100104
admin6,Password@123,Nova,Bell,admin6@example.com,admin,100105
admin7,Password@123,Brayden,Coleman,admin7@example.com,admin,100106
admin8,Password@123,Genesis,Butler,admin8@example.com,admin,100107
admin9,Password@123,Nicholas,Henderson,admin9@example.com,admin,100108
admin10,Password@123,Emilia,Barnes,admin10@example.com,admin,100109
professor1,Password@123,Robert,Gonzales,professor1@example.com,teacher,100110
professor2,Password@123,Kennedy,Fisher,professor2@example.com,teacher,100111
professor3,Password@123,Angel,Vasquez,professor3@example.com,teacher,100112
professor4,Password@123,Sadie,Simmons,professor4@example.com,teacher,100113
professor5,Password@123,Carson,Romero,professor5@example.com,teacher,100114
professor6,Password@123,Autumn,Jordan,professor6@example.com,teacher,100115
professor7,Password@123,Easton,Patterson,professor7@example.com,teacher,100116
professor8,Password@123,Quinn,Alexander,professor8@example.com,teacher,100117
professor9,Password@123,Nolan,Hamilton,professor9@example.com,teacher,100118
professor10,Password@123,Nevaeh,Graham,professor10@example.com,teacher,100119
